EECE 2150,GE 1111,prerequisite
EECE 2150,GE 1502,prerequisite
EECE 2150,MATH 2341,prerequisite
EECE 2150,PHYS 1155,prerequisite
EECE 2150,PHYS 1165,prerequisite
EECE 2150,PHYS 1175,prerequisite
EECE 2150,EECE 2140,prerequisite
EECE 2160,EECE 2140,prerequisite
EECE 2160,CS 2510,prerequisite
EECE 2210,MATH 1342,prerequisite
EECE 2211,EECE 2210,corequisite
EECE 2310,CS 1800,prerequisite
EECE 2311,EECE 2310,corequisite
EECE 2322,EECE 2160,prerequisite
EECE 2323,EECE 2322,corequisite
EECE 2412,EECE 2150,prerequisite
EECE 2412,EECE 2210,prerequisite
EECE 2412,BIOE 3210,prerequisite
EECE 2413,EECE 2412,corequisite
EECE 2520,EECE 2150,prerequisite
EECE 2520,EECE 2210,prerequisite
EECE 2520,BIOE 3210,prerequisite
EECE 2520,MATH 2341,prerequisite
EECE 2530,EECE 2150,prerequisite
EECE 2530,EECE 2210,prerequisite
EECE 2530,BIOE 3210,prerequisite
EECE 2530,MATH 2321,prerequisite
EECE 2530,PHYS 1155,prerequisite
EECE 2530,PHYS 1165,prerequisite
EECE 2530,PHYS 1175,prerequisite
EECE 2531,BIOE 3210,prerequisite
EECE 2531,EECE 2150,prerequisite
EECE 2531,EECE 2210,prerequisite
EECE 2531,MATH 2321,prerequisite
EECE 2531,PHYS 1155,prerequisite
EECE 2531,PHYS 1165,prerequisite
EECE 2531,PHYS 1175,prerequisite
EECE 2540,EECE 2140,prerequisite
EECE 2560,EECE 2160,prerequisite
EECE 3324,EECE 2322,prerequisite
EECE 3324,EECE 2323,prerequisite
EECE 3400,EECE 2150,prerequisite
EECE 3400,MATH 2341,prerequisite
EECE 3410,EECE 2412,prerequisite
EECE 3468,EECE 2150,prerequisite
EECE 3468,MATH 2341,prerequisite
EECE 4512,EECE 2210,prerequisite
EECE 4512,EECE 2412,prerequisite
EECE 4512,BIOE 3210,prerequisite
EECE 4520,CS 3000,prerequisite
EECE 4520,EECE 2560,prerequisite
EECE 4534,EECE 3324,prerequisite
EECE 4534,CS 3650,prerequisite
EECE 4535,EECE 4534,corequisite
EECE 4574,EECE 2412,prerequisite
EECE 4604,EECE 2412,prerequisite
EECE 4630,EECE 2160,prerequisite
EECE 4630,EECE 2412,prerequisite
EECE 4632,EECE 2322,prerequisite
EECE 4646,BIOE 3210,prerequisite
EECE 4646,EECE 2150,prerequisite
EECE 4646,EECE 2210,prerequisite
EECE 4646,PHYS 1155,prerequisite
EECE 4649,MATH 1242,prerequisite
EECE 4649,MATH 1342,prerequisite
EECE 4649,PHYS 1145,prerequisite
EECE 4649,PHYS 1151,prerequisite
EECE 4649,PHYS 1171,prerequisite
EECE 4694,MATH 2341,prerequisite
EECE 4694,GE 1111,prerequisite
EECE 4694,GE 1502,prerequisite
EECE 4790,EECE 2322,prerequisite
EECE 4790,EECE 2412,prerequisite
EECE 4790,EECE 2520,prerequisite
EECE 4790,EECE 2530,prerequisite
EECE 4790,EECE 2540,prerequisite
EECE 4790,EECE 2560,prerequisite
EECE 4790,CS 3000,prerequisite
EECE 4791,EECE 2322,prerequisite
EECE 4791,EECE 2412,prerequisite
EECE 4791,EECE 2520,prerequisite
EECE 4791,EECE 2530,prerequisite
EECE 4791,EECE 2540,prerequisite
EECE 4791,EECE 2560,prerequisite
EECE 4791,CS 3000,prerequisite
EECE 4792,EECE 4790,prerequisite
EECE 4792,EECE 4791,prerequisite
EECE 5115,MATH 2341,prerequisite
EECE 5155,EECE 2540,prerequisite
EECE 5155,CS 3700,prerequisite
EECE 5161,MATH 1342,prerequisite
EECE 5161,PHYS 1155,prerequisite
EECE 5170,MATH 2321,prerequisite
EECE 5170,PHYS 1155,prerequisite
EECE 5170,CHEM 1151,prerequisite
EECE 5170,CHEM 1211,prerequisite
EECE 5360,EECE 2560,prerequisite
EECE 5360,CS 3000,prerequisite
EECE 5550,EECE 2520,prerequisite
EECE 5550,EECE 2560,prerequisite
EECE 5550,CS 3000,prerequisite
EECE 5552,EECE 2160,prerequisite
EECE 5552,EECE 2520,prerequisite
EECE 5554,MATH 3081,prerequisite
EECE 5554,EECE 3468,prerequisite
EECE 5554,EECE 2160,prerequisite
EECE 5554,EECE 2210,prerequisite
EECE 5576,EECE 3400,prerequisite
EECE 5580,EECE 2520,prerequisite
EECE 5582,EECE 3468,prerequisite
EECE 5606,EECE 2412,prerequisite
EECE 5608,MATH 2321,prerequisite
EECE 5608,PHYS 1155,prerequisite
EECE 5608,PHYS 1165,prerequisite
EECE 5610,EECE 5580,prerequisite
EECE 5610,EECE 5580,prerequisite
EECE 5612,EECE 2520,prerequisite
EECE 5612,EECE 3468,prerequisite
EECE 5612,MATH 3081,prerequisite
EECE 5612,DS 5020,prerequisite
EECE 5614,EECE 3468,prerequisite
EECE 5614,MATH 3081,prerequisite
EECE 5614,MATH 2331,prerequisite
EECE 5614,IE 3412,prerequisite
EECE 5626,EECE 2520,prerequisite
EECE 5626,EECE 3468,prerequisite
EECE 5626,MATH 3081,prerequisite
EECE 5640,EECE 3324,prerequisite
EECE 5640,CS 3650,prerequisite
EECE 5641,EECE 2540,prerequisite
EECE 5641,EECE 4534,prerequisite
EECE 5641,EECE 3324,prerequisite
EECE 5641,CS 3650,prerequisite
EECE 5641,CS 3700,prerequisite
EECE 5641,EECE 2540,prerequisite
EECE 5641,EECE 7205,prerequisite
EECE 5641,EECE 7376,prerequisite
EECE 5641,CS 5600,prerequisite
EECE 5643,EECE 2560,prerequisite
EECE 5643,CS 3000,prerequisite
EECE 5644,EECE 3468,prerequisite
EECE 5644,MATH 3081,prerequisite
EECE 5644,EECE 7204,prerequisite
EECE 5644,DS 5020,prerequisite
EECE 5644,MATH 1215,prerequisite
EECE 5644,MATH 2280,prerequisite
EECE 5644,IE 3412,prerequisite
EECE 5644,CIVE 3464,prerequisite
EECE 5644,BIOE 2365,prerequisite
EECE 5644,MGSC 2301,prerequisite
EECE 5645,MATH 3081,prerequisite
EECE 5645,EECE 3468,prerequisite
EECE 5645,EECE 2560,prerequisite
EECE 5645,CS 3000,prerequisite
EECE 5645,EECE 5644,prerequisite
EECE 5645,DS 5220,prerequisite
EECE 5645,DS 5230,prerequisite
EECE 5647,EECE 2530,prerequisite
EECE 5649,EECE 3410,prerequisite
EECE 5651,EECE 2530,prerequisite
EECE 5651,MATH 2341,prerequisite
EECE 5652,EECE 2150,prerequisite
EECE 5652,EECE 2210,prerequisite
EECE 5652,BIOE 3210,prerequisite
EECE 5652,EECE 2530,prerequisite
EECE 5653,MATH 2341,prerequisite
EECE 5654,BIOE 3210,prerequisite
EECE 5654,EECE 2150,prerequisite
EECE 5654,EECE 2210,prerequisite
EECE 5654,EECE 4646,prerequisite
EECE 5654,EECE 2530,prerequisite
EECE 5665,BIOE 3210,prerequisite
EECE 5665,EECE 2150,prerequisite
EECE 5665,EECE 2210,prerequisite
EECE 5665,EECE 2520,prerequisite
EECE 5665,MATH 2341,prerequisite
EECE 5665,EECE 3468,prerequisite
EECE 5665,MATH 3081,prerequisite
EECE 5666,ME 4555,prerequisite
EECE 5666,EECE 2520,prerequisite
EECE 5666,EECE 3468,prerequisite
EECE 5680,EECE 2530,prerequisite
EECE 5680,EECE 2520,prerequisite
EECE 5681,EECE 5680,corequisite
EECE 5682,EECE 2530,prerequisite
EECE 5684,EECE 2412,prerequisite
EECE 5684,EECE 2520,prerequisite
EECE 5685,EECE 5684,corequisite
EECE 5686,EECE 2530,prerequisite
EECE 5688,EECE 2150,prerequisite
EECE 5690,EECE 2412,prerequisite
EECE 5690,EECE 2530,prerequisite
EECE 5692,EECE 2530,prerequisite
EECE 5693,EECE 2530,prerequisite
EECE 5697,EECE 2520,prerequisite
EECE 5699,EECE 3324,prerequisite
EECE 5699,CS 3650,prerequisite
EECE 5699,CS 5600,prerequisite
