Course ID,Description
GE 1111,Alternative to Cornerstone
GE 1501,"Introduces students to the engineering design process and algorithmic thinking using a combination of lectures and hands-on projects and labs while encouraging critical thinking. Offers students an opportunity to develop creative problem-solving skills used in engineering design, to structure software, and to cultivate effective written and oral communication skills. Topics include the use of design and graphics communication software, spreadsheets, a high-level programming language, programmable microcontrollers as well as various electronic components, and 3-D printing. Requires students to develop an original design solution to a technical problem as a final term project. Requires students to have a laptop computer that meets the specifications of the College of Engineering."
GE 1502,"Continues GE 1501 using a project-based approach under a unifying theme. Covers topics that introduce students to engineering analysis and design. Uses a math application package for matrix applications along with various real-life engineering problems solved using programming. Considers ethical reasoning in design and analysis, including ethical theories, professional codes, and emerging micro/macro issues in engineering. Introduces quantitative tools and ethical topics separately and weaves them into all design and problem-solving stages of the student projects. Covers 3-D assembly drawings and modeling, along with review and further work in design. Students work on open-ended design problems, developing working models and prototypes to demonstrate and present their designs. Requires students to have a laptop computer that meets the specifications of the College of Engineering."
EECE 1990,Offers elective credit for courses taken at other academic institutions. May be repeated without limit.
EECE 2140,"Engages students in problem solving from an engineering perspective, offering essential computer hardware and software knowledge and experience. Computational problem solving involves expressing solutions to engineering problems in a way that a computer can efficiently solve. As our world continues to become more automated and interconnected, it becomes increasingly important to be able to leverage computer software and hardware, enabling us to evaluate and solve real-world engineering challenges. Offers students an opportunity to learn engineering solution design, leveraging a high-level programming language appropriate for interfacing hardware-based systems. Stresses best practices in design. Coursework includes programming assignments, quizzes, and a final project, offering students a number of ways to demonstrate their understanding of the concepts."
EECE 2150,"Offers an integrated lecture/lab course that covers circuit theory, signal processing, circuit building, and MATLAB programming. Introduces basic device and signal models and circuit laws used in the study of linear circuits. Analyzes resistive and complex impedance networks. Uses the ideal operational amplifier model, focusing on differential amplifiers and active filter circuits. Introduces basic concepts of linearity and time-invariance for both continuous and discrete-time systems and concepts associated with analog/digital conversion. Demonstrates discrete-time linear filter design on acquired signals in the MATLAB environment. Offers students an opportunity to explore circuits and signals in the lab and to use their knowledge of circuits, analog signals, digital signals, and biological signals to build a working analog/digital EKG system."
EECE 2160,"Introduces the basics of digital design and programming for embedded systems through an integrated lecture and lab course. Covers digital design, object-oriented programming, using Linux, and controlling physical devices via software. The lab portion of this course offers hands-on experience at developing hardware and software to control a robotic device via an embedded systems platform."
EECE 2210,"Introduces the basic concepts related to circuits and circuit elements; current, voltage, and power; models for resistors, capacitors, and inductors; and circuit analysis using Kirchhoff’s laws. Discusses selected topics that illustrate a variety of applications of electrical engineering, such as AC circuits and electric power, the basics of semiconductor devices with applications to transistor amplifier models, transients in circuits with energy storage, mechanical controls and mechatronics, digital signals, logic circuits, and some basic concepts of computer operations, specifically, number coding, arithmetic operations, and memory circuits."
EECE 2211,AccompaniesEECE 2210. Covers fundamental DC and AC electrical concepts as well as analog and digital electronics.
EECE 2310,"Covers the fundamentals of digital design topics including digital data representations and operations as well as combinational and sequential circuits design. Introduces various topics of computer organization, architecture, and microarchitecture applicable to modern computer engineering systems. Discusses principles of computer memory addressing. Applies the concept of hardware and software interface through programming in assembly language."
EECE 2311,AccompaniesEECE 2310. Offers students an opportunity to design and implement various digital circuits that are essential for building computer systems. Utilizes a hardware design platform that is built around Field Programmable Gate Array (FPGA) technology. Covers simulation and testing of designs to solve practical engineering problems.
EECE 2322,"Presents a global perspective on the design of a full processor taking logic gates as the simplest building blocks. Starts with number systems and data representation and the design of simple combinational and sequential circuits. Continues with an introduction to the instruction set architecture of a selected processor architecture (e.g., RISC-V) and concludes with the construction of a simple processor using a single-cycle and a multi-cycle implementation approach. Assignments include designing and simulating digital hardware models using an appropriate hardware description language (e.g., Verilog), as well as some assembly language to expose the interface between hardware and software."
EECE 2323,Offers students an opportunity to design and implement a simple computer system on field-programmable logic using a hardware description language. Covers simulation and testing of designs.
EECE 2412,"Reviews basic circuit analysis techniques. Briefly introduces operation of the principal semiconductor devices: diodes, field-effect transistors, and bipolar junction transistors. Covers diode circuits in detail; the coverage of transistor circuits focuses mainly on large-signal analysis, DC biasing of amplifiers, and switching behavior. Uses PSpice software to simulate circuits and large-signal models and transient simulations to characterize the behavior of transistors in amplifiers and switching circuits. Digital electronics topics include CMOS logic gates, dynamic power dissipation, gate delay, and fan-out. Amplifier circuits are introduced with the evaluation of voltage transfer characteristics and the fundamentals of small-signal analysis."
EECE 2413,"Covers experiments reinforcing basic electronics topics such as diodes, bipolar junction transistors (BJT) as a switch, BJT amplifiers, and MOSFET circuits for switching and amplification. Practical measurements include use of voltmeters, ammeters, ohm meters, and impedance meters, as well as oscilloscope measurements of frequency, gain, distortion, and upper- and lower-cutoff frequencies of amplifiers."
EECE 2520,"Develops the basic theory of continuous and discrete systems, emphasizing linear time-invariant systems. Discusses the representation of signals and systems in both the time and frequency domain. Topics include linearity, time invariance, causality, stability, convolution, system interconnection, and sinusoidal response. Develops the Fourier and Laplace transforms for the discussion of frequency-domain applications. Analyzes sampling and quantization of continuous waveforms (A/D and D/A conversion), leading to the discussion of discrete-time FIR and IIR systems, recursive analysis, and realization. The Z-transform and the discrete-time Fourier transform are developed and applied to the analysis of discrete-time signals and systems."
EECE 2530,"Introduces electromagnetics and high-frequency applications. Topics include transmission lines: transmission line model with distributed circuit elements, transmission line equations and solutions, one-dimensional traveling and standing waves, and applications; electromagnetic field theory: Lorentz force equations, Maxwell’s equations, Poynting theorem, and application to the transmission line’s TEM waves. Also studies uniform plane wave propagation along a coordinate axis and along an arbitrary direction; equivalent transmission lines for TEM, TE, and TM waves; reflection and refraction of uniform plane waves by conducting and dielectric surfaces. Discusses applications to wave guides, resonators, optical fibers, and radiation and elementary antennas. Introduces modern techniques (computational methods) and applications (optics, bioelectromagnetics, and electromagnetic effects in high-speed digital circuits)."
EECE 2531,"AccompaniesEECE 2530. Supports class material related to transmission lines, wave-guiding structures, plane wave reflection and refraction, and antenna radiation. Includes experiments with microwave transmission line measurements and the determination of the properties of dielectric materials, network analyzer analysis of microwave properties of circuit elements and transmission line electrical length, analysis of effective dielectric constant and loss from microstripline resonator transmission, optical measurement of refraction and reflection leading to determination of Brewster angle and optical constants for transparent and absorbing materials, and measurement of radiation patterns from dipole antennas."
EECE 2540,"Presents an overview of modern communication networks. The concept of a layered network architecture is used as a framework for understanding the principal functions and services required to achieve reliable end-to-end communications. Topics include service interfaces and peer-to-peer protocols, a comparison of the OSI (open system interconnection) reference model to the TCP/IP (Internet) and IEEE LAN (local area network) architectures, network-layer and transport-layer issues, and important emerging technologies such as Bluetooth and ZigBee."
EECE 2560,"Covers the design and implementation of algorithms to solve engineering problems using a high-level programming language. Reviews elementary data structures, such as arrays, stacks, queues, and lists, and introduces more advanced structures, such as trees and graphs and the use of recursion. Covers both the algorithms to manipulate these data structures as well as their use in problem solving. Introduces algorithm complexity analysis and its application to developing efficient algorithms. Emphasizes the importance of software engineering principles."
EECE 2750,"Offers students an opportunity to develop a proposal for a design project that uses engineering technologies to improve the lives of individuals with cognitive or physical disabilities. Offers student project groups an opportunity to work with end users and caregivers at local nursing homes and special education schools to assess a specific need, research potential solutions, and develop a detailed proposal for a project. Project groups are matched with product design mentors who guide groups through the design process. Lectures cover relevant topics, including surveys of specific physical and cognitive disabilities and applicable engineering technologies. The same project may not be used to satisfy both this course andEECE 4790. May be repeated once."
EECE 2949,"Offers first- and second-year students an opportunity to pursue project and other independent inquiry opportunities under faculty supervision. The course is initiated with a student-developed proposal, including expected learning outcomes and research products, which is approved by a faculty member in the department. Requires permission of instructor."
EECE 2990,Offers elective credit for courses taken at other academic institutions. May be repeated without limit.
EECE 2992,Offers an opportunity to document student contributions to research projects or creative endeavors. May be repeated up to nine times.
EECE 3324,"Presents a range of topics that include assembly language programming, number systems, data representations, ALU design, arithmetic, the instruction set architecture, and the hardware/software interface. Offers students an opportunity to program using assembly language and to simulate execution. Covers the architecture of modern processors, including datapath/control design, caching, memory management, pipelining, and superscalar. Discusses metrics and benchmarking techniques used for evaluating performance."
EECE 3392,"Provides a basic treatment of electronic materials from atomic, molecular, and application viewpoints. Topics include atomic structure and bonding in materials, structure of materials, and crystal defects. These topics lay a foundation for the introduction of thermal and electronic conduction, which is the underlying physics of electronic devices. Finally, the electronic properties of semiconductors, dielectric, magnetic, superconducting, and optical materials are examined. The latter half deals with an introduction to the state of the art in electronic materials, including semiconductor nanoelectronics, magnetic semiconductors and spintronics, molecular electronics, carbon nanotubes, conducting polymers, diamondlike carbon, and other topics representing recent technological breakthroughs in the area of electronic materials."
EECE 3400,"Covers the basic principles and building blocks of modern digital communication systems. These systems include the current and future generations of wireless services (e.g., 6G) and are predicted to become a multi-billion-dollar market in the next decade. Industrial giants at the forefront of related research and development include market-leading hardware and software companies, offering an increasing scope of employment opportunities. Includes the background of developments such as radio signal propagation, frequency spectrum regulation and resource division among multiple users, digital representation and compression of information, signal modulation and demodulation, information detection in the presence of noise and channel impairments, coding for improved reliability, and system performance analysis and simulation."
EECE 3410,"Covers advanced analog and mixed-signal circuit analysis topics. Introduces analog integrated circuits (ICs) concepts with bipolar and field effect transistor devices. Covered IC building blocks include current sources and active loads, differential stages, cascode configurations, gain stages, and output stages. The uses of the building blocks are demonstrated for the design of popular ICs, such as operational amplifiers and voltage comparators. The high-frequency circuit models of transistors are described and used to evaluate the frequency responses of amplifiers. Introduces analog-to-digital and digital-to-analog conversion concepts and the concepts of feedback and instability with applications to the design of amplifiers and oscillators. The course makes extensive use of the SPICE simulation tool for assignments and projects."
EECE 3468,"Studies analytical concepts and methods for solving engineering problems involving randomness. Uses applications such as data analytics, artificial intelligence, signal processing, computer networks, electronic devices, and sensing systems as guiding examples. Begins with the basic theory of probability and random variables; then develops the concepts of random vectors, sequences, and processes with their statistical description. Introduces basic statistics, regression analysis, parameter estimation, and hypothesis testing, including the use of computer simulations. Defines the concepts of correlation, covariance, and power density spectra. Uses these concepts to discuss noise, uncertainty, and other random phenomena, which is covered in the context of electrical and computer engineering applications."
EECE 3990,Offers elective credit for courses taken at other academic institutions. May be repeated without limit.
EECE 4512,"Examines healthcare technologies using both theory and hands-on approaches. Testing, imaging, and data collection are essential tools medical specialists use to treat patients and the primary contribution of engineers to healthcare.Covers the physics and physiology behind the newly defined concept of digital biomarkers; the electronics needed to collect these biomarkers; analysis techniques for processing and interpreting the data; and invasive (swallowable/implantable), on-body (wearable), and contactless systems for data collection. Examines safety issues, ethics, and regulatory hurdles from both an industry and research perspective. In the hands-on labs, offers students an opportunity to follow the steps of creating a startup or conducting new research and assembling a microcontroller-based sensor system for collecting digital biomarkers."
EECE 4520,"Offers an overview of the discipline of software engineering. Identifies the problems that one should expect when developing large software systems; methods that the software developer can use to deal with each of the problems; tools that the software developer can use; and procedures that can be followed in developing software. Covers the software life cycle (requirements analysis and specification, software design, coding, testing, and maintenance); various models of the software process—structured and agile; the Unified Modeling Language (UML) as applied to the software life cycle, prototyping, and documentation; design patterns; software metrics and estimation; software development environments and tools; and verification and validation. Includes a software development project that covers all the stages of the life cycle."
EECE 4534,"Focuses on the hardware and software design for devices that interface with embedded processors. Topics include assembly language; addressing modes; embedded processor organization; bus design; electrical characteristics and buffering; address decoding; asynchronous and synchronous bus protocols; troubleshooting embedded systems; I/O port design and interfacing; parallel and serial ports; communication protocols and synchronization to external devices; hardware and software handshake for serial communication protocols; timers; and exception processing and interrupt handlers such as interrupt generation, interfacing, and auto vectoring."
EECE 4535,"AccompaniesEECE 4534. Consists of a comprehensive laboratory performed by a team of students. These laboratory exercises require students to design, construct, and debug hardware and software that runs on an embedded platform. Exercises are centered around a common embedded platform. The final exercise is a project that lets each group integrate hardware and software to realize a complete embedded design."
EECE 4574,"Covers the electronics of radio receivers and transmitters. Employs a commercial radio transceiver (MFJ-9340) as a learning tool. Presents basic topics (radio spectrum and its utilization, antennae, and information processing by modulation and demodulation). Studies building block realizations for modulators and demodulators for analog (AM, FM) and digital (ASK, PSK, FSK) radio. Covers common radio receiver architectures. Presents circuit-level designs of radio building blocks (resonators; L-C RF filters; crystals and IF filters; tuned transformers and impedance matching; amplifiers and power amplifiers; RF oscillators; mixers and up/down frequency conversion; signal detectors; and automatic gain control circuits). Includes receiver noise and sensitivity; transmitter range; spurious emissions and IM distortion; antennae and propagation in the atmosphere; wireless standards; multiple-access techniques; and software-defined radio. May include additional topics at instructor’s discretion."
EECE 4604,"Offers a comprehensive introduction to the technology, theory, and applications of the most important electronic devices in today’s integrated circuits. Topics include semiconductor electronic properties, Si fabrication technologies, p-n junctions, MOS capacitors, MOSFETS, metal-semiconductor contacts, and bipolar transistors. Emphasizes MOS devices, which are currently the dominant technology in integrated circuits. Introduces recent research trends in novel device concepts. Offers students who may pursue semiconductor process engineering, IC design, biomedical electronics, or research and development of microelectromechanical systems (MEMS) or optoelectronics devices an opportunity to obtain electronic device knowledge."
EECE 4630,"Introduces robotics analysis covering basic theory of kinematics, dynamics, and control of robots. Develops students’ design capabilities of microprocessor-based control systems with input from sensory devices and output actuators by having teams of students design and implement a small mobile robot system to complete a specific task, culminating in a competition at the end of the course. Covers actuators, sensors, system modeling, analysis, and motion control of robots."
EECE 4632,"Studies hardware and software design for embedded systems. Focuses on techniques to efficiently design and make use of field-programmable gate arrays (FPGAs) to accelerate applications. Specific topics include HW/SW codesign, buses and interfacing, C as a hardware description language, high-level synthesis, pipelining, hardware memory hierarchies, and computer arithmetic. Offers students an opportunity to program an embedded processor and interface to digital logic designs implemented on programmable hardware, as well as an opportunity to develop a series of designs in class, culminating in a project of the student's choosing. Potential project topics include (but are not limited to) computer vision, cryptography, machine learning, and wireless communications."
EECE 4638,Focuses on advanced topics related to computer engineering technology to be selected by instructor. May be repeated without limit.
EECE 4646,"Presents the basic optical concepts necessary for anunderstanding of current and future optical communication,remote sensing, and industrial and biomedical systems. Topicsinclude geometrical optics, polarized light, diffraction, andinterference. Studies lasers and other light sources, opticalfibers, detectors, CCD cameras, modulators, and othercomponents of optical systems. Presents applications tospecific systems such as fiber-optic communication, medicalimaging systems, fiber-optic sensors, and laser radar."
EECE 4649,"Explores a wide variety of modalities for biomedical imaging in the pathology laboratory and in vivo. After an introductory discussion of tissue properties, waves used in imaging, and contrast mechanisms, the course discusses modalities such as microscopy, endoscopy, x-ray, computed tomography, ultrasound, and MRI. With each modality, instrument parameters, contrast mechanisms, resolution, and depth of penetration are considered. Offers students an opportunity to work in groups to complete a project in which they examine one modality in detail and either generate synthetic data using a computational model or process available image data."
EECE 4694,"Presents numerical techniques used in solving scientific and engineering problems with the aid of digital computers. Topics include theory of interpolation; the theory of numerical integration and differentiation, numerical solutions of linear as well as nonlinear systems of equations, the theory of least squares; and numerical solution of ordinary and partial differential equations using a programming environment such as MATLAB."
EECE 4791,"Aims to give undergraduate engineering students significant experience in dealing with a senior design project. Students form teams and select a project requiring design and implementation of an electrical, electronic, and/or software system, including evaluation of multiple constraints, the use of appropriate engineering standards during the design to carry out the project, as well as the submission and presentation of a detailed proposal for the work. The project plan includes the consideration of public health, safety, and welfare and global, cultural, social, environmental, and economic factors. Students must specify a preliminary list of materials needed for their project, provide a cost analysis, and prepare and deliver written and oral presentations on the design proposal. This is the first of a two-course sequence."
EECE 4792,"Requires design and implementation of the project proposed inEECE 4790. Students are expected to apply engineering principles acquired throughout their academic and co-op experiences to the design of a system, component, or process. Each project includes the development and use of design methodology, formulation of design problem statements and specifications, construction of hardware, integration of sensors and actuators, programming microcontroller and software development, and design of subsystems, followed by testing and integration to validate the overall design. Projects include realistic constraints such as economic factors, safety, reliability, maintenance, aesthetics, ethics, and social impact. Students make oral presentations in a series of design reviews, document their final design solution in a written report, and demonstrate a functional prototype in a final presentation."
EECE 4990,Offers elective credit for courses taken at other academic institutions. May be repeated without limit.
EECE 4991,Offers an opportunity to conduct research under faculty supervision. May be repeated without limit.
EECE 4992,Offers independent work under the direction of members of the department on a chosen topic. Course content depends on instructor. May be repeated without limit.
EECE 5115,"Provides an introduction to the theoretical analysis and modeling of dynamical systems in biology, ranging from molecular to population applications. Topics include difference and differential equation models, with basic theory including nondimensionalization, steady states, linearization, stability, eigenvalues, global behavior, singular perturbations, multistability, hysteresis, cooperativity, periodic solutions, excitable systems, bifurcations, and an introduction to spatial (PDE) models. Develops all concepts in the context of concrete biological applications, such as gene regulation, chemical reaction networks and stoichiometry, drug models and PK/PD, receptor/ligand interactions, synthetic constructs, action potential generation, enzymatic reactions, population interactions, epidemiology, epigenetic phenomena including differentiation, and transport, chemotaxis, and diffusion."
EECE 5155,"Covers design and modeling of architectures, communication protocols, and algorithms for wireless sensor networks and the Internet of Things. Provides instruction in general aspects of wireless sensor networking, including protocol design, modeling, and simulation at all layers of the communication stack. Studies standardization efforts, including Bluetooth, IEEE 802.15.4/Zigbee, and SigFox/LoRa, among others. Culminates with illustrations of applications of sensor networks technology to many challenging problems of our times, including mobile crowdsensing, smart cities, and cyber-physical systems."
EECE 5161,"Covers the fundamentals of vacuum technology, thin film deposition technologies, characterization technologies, their applications in different industries, and the frontiers of research activities on thin film deposition technologies. Thin films are fundamental building blocks for integrated circuits chips, microelectromechanical systems (MEMS) devices, and nanoelectromechanical system devices (NEMS), etc., and play critical roles in determining the performance of IC circuits, MEMS, and NEMS devices. Topics include vacuum technologies; vacuum pumps; vacuum system design and analysis; different thin film deposition technologies, including sputtering, chemical vapor deposition, electrochemical deposition, atomic layer deposition, etc.; and different thin film characterization technologies, in particular the magnetic thin film characterization technologies, including VSM, PPMS, FMR, MOKE, etc. Students who do not meet course prerequisites may seek permission of instructor."
EECE 5170,"Offered by the NSF Nanosystems Engineering Research Center for Translational Applications of Nanoscale Multiferroic Systems (TANMS) and co-taught by professors from UCLA, UC Berkeley, Cornell, California State University Northridge, and Northeastern University. Course lectures will be available online for remote students. Covers introduction to multiferroics, atomic structure of multiferroics (chemistry), multiferroic material science, continuum-level analysis of multiferroic materials, and multiferroic devices."
EECE 5360,"Introduces combinatorial optimization, an emerging field that combines techniques from applied mathematics, operations research, and computer science to solve optimization problems over discrete structures. Emphasizes problems that arise in the areas of electrical and computer engineering, including VLSI, computer-aided design, parallel computing, computer architecture, and high-performance compiling. Covers the foundations of algorithm analysis, including asymptotic notation and complexity theory, and a range of optimization techniques, including divide and conquer, local optimization, dynamic programming, branch and bound, simulated annealing, genetic algorithms, approximation algorithms, integer and linear programming, matroid theory, and greedy algorithms. Considers the efficient generation of optimal solutions, the development and evaluation of heuristics, and the computation of tight upper and lower bounds."
EECE 5550,"Investigates the science and engineering of mobile robots. Topics may include kinematics, dynamics, numerical methods, state estimation, control, perception, localization and mapping, and motion planning for mobile robots. Emphasizes practical robot applications ranging from disaster response to healthcare to space exploration."
EECE 5552,"Investigates the what (modeling), how (design), and why (analysis) of assistive robotics through the use of model-based design process. System models are essential to four key aspects of the assistive robot design process: derivation of executable specifications, hardware and software design based on simulations, implementation by code generation, and continuous testing and verification. Topics may include modeling continuous and discrete dynamics, heterogeneous models, hybrid systems, stochastic models, models of computation, analysis and design of embedded control systems with applications in assistive robotics, system simulation, and validation and verification techniques. Course projects emphasize model-based design for control of assistive robots in smart environments."
EECE 5554,"Examines the actual sensors and mathematical techniques for robotic sensing and navigation with a focus on sensors such as cameras, sonars, and laser scanners. These are used in association with techniques and algorithms for dead reckoning and visual inertial odometry in conjunction with GPS and inertial measurement units. Covers Kalman filters and particle filters as applied to the SLAM problem. A large component of the class involves programming in both the ROS and LCM environments with real field robotics sensor data sets. Labs incorporate real field sensors and platforms. Culminates with both an individual design project and a team-based final project of considerable complexity."
EECE 5576,"Examines fundamental principles of wireless system design, focusing on modern techniques used in cellular systems and wireless local area networks. Covers various levels of system design, from modulation/detection to traffic analysis. Introduces basics of radio propagation and studies their effect on communication signals. Special topics include spatial frequency reuse; call blocking and cellular system capacity; power control and hand-off strategies; channel access and sharing; orthogonal frequency division multiplexing (OFDM—a modulation technique used in WLAN and the fourth-generation [4G] cellular systems) and spread spectrum modulation (third-generation WCDMA systems); diversity techniques and multi-input multi-output (MIMO) signal processing. Requires an undergraduate course in communications systems."
EECE 5580,"Introduces the analysis and design of classical control systems. Examines control system objectives, modeling and mathematical description, transfer function and state-variable representations, feedback control system characteristics, system responses, and stability of feedback systems. Also addresses compensator design based on root-locus and frequency response, and modern control system design using state-variable feedback."
EECE 5582,"Introduces modern approaches to ensuring reliable network communication, covering theory and use cases. After an accessible, engineering-centric introduction to Galois fields, presents erasure coding and decoding, with applications to protocols that reduce delays over links and networks (network coding) as well as post-quantum security. Considers error correction, starting with an overview of channel capacity and hard detection, as in storage systems. Introduces common codes (BCH, CRCs) with decoding using guessing random additive noise decoding, or GRAND, which can decode any code. Generalizes to using detector-generated information (soft information) and shows how GRAND can be extended to soft information systems, with examples such as CA-Polar and turbo decoding. Considers applications to reliable transport, communication, and storage of data."
EECE 5606,"Provides an overview of integrated circuit fabrication from the viewpoint of a process engineer. Offers students an opportunity to fabricate micro- and nanoscale devices in integrated lab sessions. Focuses on the physics, chemistry, and technology of integrated circuit fabrication in the lecture portion of the course, while students fabricate and test novel devices (an electrohydrodynamic micropump and three-dimensional carbon nanotube interconnects) in integrated lab sessions. Concentrates on silicon IC technology but also includes examples from other materials and device systems including microelectromechanical (MEMS) technologies that are used to build devices such as accelerometers, pressure sensors, and switches for telecommunications and other current examples provided from nanofabrication and nanotechnology. Lab hours are arranged."
EECE 5608,"Covers the fundamentals of magnetic materials. Focuses on the frontiers of research activities on magnetic materials for next-generation sensors and electronics. Topics include magnetic units, magnetic materials classification, origin of ferromagnetism and ferrimagnetism, magnetic anisotropies, magnetostriction, magnetic domain theory, ferromagnetic/ferrimagnetic resonance, magnetodynamics, and magnetic material characterization techniques. Explores soft and hard magnetic materials and their applications, which include magnetic sensors, antennas, hard disk drives, magnetic materials for power supplies on chips, RF and microwave magnetic materials and devices, and spintronics. Also covers magnetic characterization techniques such as vibrating sample magnetometry, B-H looper, ferromagnetic resonance spectrometry, magneto-optic Kerr effect imaging, and magnetic sensing."
EECE 5610,"Covers sampling and analysis tools for linear discrete-time dynamic systems, including the design of digital control systems using transform techniques by discrete equivalent and direct design methods; root locus, Bode and Nyquist diagrams, and Nichols charts; controller implementation issues, such as digital filter realizations, nonlinear effects due to quantization, round off, dead band, and limit cycles; and selection of the sampling rate."
EECE 5612,"Introduces fundamentals of statistical inference and data analysis through concepts of detection, estimation, and related signal processing algorithms. Addresses topics of hypothesis testing, Bayesian principles, multiple hypotheses and composite hypothesis testing, test power and uniformly powerful tests, likelihood functions, sufficient statistics, optimal estimation, bounds on the estimator variance, minimum variance linear estimation, prediction and regression, interval estimation, and confidence. Extraction of useful information from noisy observations and informed decision making are at the core of multiple disciplines ranging from traditional communications and sensor array processing to biomedical data analysis, pattern recognition and machine learning, security and defense, and financial engineering. Lectures are supported by illustrative examples, hands-on exercises, and numerical implementations grounded in real-world examples."
EECE 5614,"Covers fundamentals of reinforcement learning. Begins with multiarmed bandit problems and basics of exploration and exploitation. Relates the key concepts of decision theory to dynamic programming and reinforcement learning. Discusses well-known off-policy and on-policy temporal difference learning methods. Connects reinforcement learning to key concepts in reasoning under uncertainty. Covers large-scale learning methods, including deep-value-based and policy-based methods. Explores reinforcement learning applications in robot navigation in uncertain and complex environments. Describes the applications of reinforcement learning in genomics and systems biology, including the derivation of intervention strategies for treating chronic diseases such as cancer."
EECE 5626,"Introduces processing and analysis of digital images with the goal of recognition of simple pictorial patterns. Topics include discrete signals and systems in 2D, digital images and their properties, image digitization, image enhancement, image restoration, image segmentation, feature extraction, object recognition, and pattern classification principles (Bayes rules, class boundaries) and pattern recognition methods."
EECE 5639,"Introduces topics such as image formation, segmentation, feature extraction, matching, shape recovery, dynamic scene analysis, and object recognition. Computer vision brings together imaging devices, computers, and sophisticated algorithms to solve problems in industrial inspection, autonomous navigation, human-computer interfaces, medicine, image retrieval from databases, realistic computer graphics rendering, document analysis, and remote sensing. The goal of computer vision is to make useful decisions about real physical objects and scenes based on sensed images. Computer vision is an exciting but disorganized field that builds on very diverse disciplines such as image processing, statistics, pattern recognition, control theory, system identification, physics, geometry, computer graphics, and learning theory. Requires good programming experience in Matlab or C++."
EECE 5640,"Covers accelerating scientific and other applications on computer clusters, many-core processors, and graphical processing units (GPUs). Modern computers take advantage of multiple threads and multiple cores to accelerate scientific and engineering applications. Topics covered include parallel computer architecture, parallel programming models, and theories of computation, as well as models for many-core processing. Highlights implementation of computer arithmetic and how it varies on different computer architectures. Includes an individual project where each student is expected to implement an application, port that application to several different styles of parallelism, and compare the results. Programming is done in variants of the C programming language."
EECE 5641,"Offers students an opportunity to learn how the security of systems can be violated and how such attacks can be detected and prevented. Computer security problems have a significant impact on practical aspects of our lives. Despite a considerable corpus of knowledge about tools and techniques to protect systems, information about actual vulnerabilities and how they are exploited is not generally available. Covers common programming, configuration, and design mistakes and examines possible protection and detection techniques.Uses examples to highlight general error classes. Includes a number of practical lab assignments that require students to apply their knowledge, as well as engage in a discussion of the current research in the field."
EECE 5642,"Introduces relevant topics and concepts in visualization, including computer graphics, visual data representation, physical and human vision models, numerical representation of knowledge and concept, animation techniques, pattern analysis, and computational methods. Topics include tools and techniques for practical visualization and elements of related fields, including computer graphics, human perception, computer vision, imaging science, multimedia, human-computer interaction, computational science, and information theory. Covers examples from a variety of scientific, medical, interactive multimedia, and artistic applications. Includes hands-on exercises and projects. Emphasizes modern engineering applications of computer vision, graphics, and pattern classification methodologies for data visualization."
EECE 5643,"Covers topics on computer simulation and performance evaluation in computer systems. Introduces basic computational and mathematical techniques for modeling, simulating, and analyzing the performance by using simulation, including models, random number generation, statistics analysis, and discrete event-driven simulation. Also covers both classic and timely techniques in the area of performance evaluation, including workload characterization, capacity planning, and resource management in enterprise systems, computer networks, data centers, and cloud computing."
EECE 5644,"Studies machine learning (the study and design of algorithms that enable computers/machines to learn from experience/data). Covers a range of algorithms, focusing on the underlying models between each approach. Emphasizes the foundations to prepare students for research in machine learning. Topics include Bayes decision theory, maximum likelihood parameter estimation, model selection, mixture density estimation, support vector machines, neural networks, probabilistic graphics models, and ensemble methods (boosting and bagging). Offers students an opportunity to learn where and how to apply machine learning algorithms and why they work."
EECE 5645,"Covers the fundamentals of parallel machine-learning algorithms, tailored specifically to learning tasks involving large data sets. Reviews methods for dealing with both large and high-dimensional data sets, emphasizing distributed implementations. Beyond covering the theory behind statistical data analysis, the course also offers a hands-on approach, using Spark as a development platform for parallel learning. Topics include, Apache Spark fundamentals, multithreaded/cluster execution, resilient distributed data structures, map-reduce operations, using key-value pairs, joins, convex optimization, gradient descent, linear regression, Gauss-Markov theorem, ridge and lasso regularization, feature selection, cross validation, variance vs. bias trade-off, classification, logistic regression, ROC curves and AUC, matrix and tensor factorization, graph-parallel algorithms and sparsity, Perceptron algorithm, and deep neural networks."
EECE 5647,"Introduces basic concepts and recent developments in nanophotonic materials and devices. Nanophotonics is one very important research area in nanotechnology. Discusses the fundamentals of electromagnetics (Maxwell’s equations, polarization, wave propagations, etc.); quantum mechanics; and typical nanofabrication and characterization techniques. Focuses on specific topics in nanophotonics, including silicon photonics; photonic crystals; plasmonics and optical metamaterials, with their diverse applications in optical circuits; imaging; optical trapping; biomedical sensing; and energy harvesting. Offers students an opportunity to obtain a fundamental understanding of the property and manipulation of light at the nanoscale."
EECE 5649,"Covers theoretical analysis, practical design, and simulation of analog integrated circuits implemented in complementary metal-oxide-semiconductor (CMOS) fabrication process technologies. Introduces cadence tools for circuit simulations, physical layout, and layout verification. Begins with basic concepts such as CMOS device models, DC and small-signal analysis techniques for single- and multistage amplifiers, biasing configurations, and reference generation circuits. Explores differential signal processing, operational amplifiers, operational transconductance amplifiers, and common-mode feedback circuits. Analysis methods include the evaluation of linearity, noise, stability, and device mismatches from process variations. Addresses some advanced design techniques, such as linearity improvement methods, frequency compensation, and digitally assisted performance tuning."
EECE 5651,"Introduces fundamentals of photonic devices and guided-wave optoelectronics. Photonic devices play a key role in long-haul telecommunications, datacom/high-performance computing, as well as quantum communication and computation. Introduces basics of passive and active components used in these applications with coverage of electromagnetic and fiber optics, dielectric waveguides, photonic integrated circuit (PIC) technology, sources (semiconductor lasers), and photon detectors and external modulators (electro- and acousto-optic)."
EECE 5652,"Addresses novel applications of analytical and engineering techniques for RF/microwave circuits, in addition to transmission lines, impedance matching, S-parameters, high-frequency circuit analysis, power dividers, resonators, filters, amplifier, and nonlinear components. Emphasizes fundamental concepts, essential mathematical formulas and theorems, and engineering applications. Provides ample examples to offer participants an opportunity to fully appreciate the power of the techniques described and gain extensive experience in the area of high-frequency circuits, from theory formulation to novel engineering designs."
EECE 5653,"Introduces the fundamental principles of quantum mechanics and their applications to emerging quantum technologies such as quantum computation, secure quantum communications, and quantum-enhanced sensing. Covers the description of simple quantum systems such as harmonic oscillators using Schrodinger’s equation and operator formalism; the use of quantum platforms such as photons to encode qubits; generating and characterizing entanglement; and the implementation of quantum circuits for quantum computation and communication algorithms such as teleportation, entanglement swapping, and factoring. Emphasizes the foundations to prepare students for research in quantum devices and their applications to quantum information sciences."
EECE 5654,"Studies how to design optics experiments and instrument prototypes on the benchtop, as well as to fabricate and test them in a laboratory environment. Discusses application areas including biomedical imaging; astronomy; LiDAR; remote sensing; environmental monitoring; semiconductor fabrication; optical communication; optical computing; military imaging; tracking; and guidance, solar energy, and imaging systems for robotics, security, and transportation. Illustrates how to apply the most important and common equations of optics to design of systems that meet specifications and to evaluation of their performance."
EECE 5665,"Introduces global navigation satellite systems (GNSS), covering the fundamental aspects of operation. Emphasizes receiver design, although onboard satellite aspects are also discussed, such as the different signals and GNSS constellations (focusing on GPS and Galileo). Offers students an opportunity to gain basic knowledge of the underlying principles of GNSS, while learning how to apply tools of statistical signal processing from detection, estimation, and filtering theories to a real-world engineering application. Topics include notions in GNSS history, constellations and signals, propagation channel and main impairments, RF front-end architectures, signal acquisition, signal tracking, position calculation and integrity measures, sensor hybridization and data fusion, and identification of the most challenging scenarios of operation."
EECE 5666,"Presents the theory and practice of modern signal processing techniques. Topics include the characteristics of discrete signals and systems, sampling, and A/D conversion; the Z-transform, the Fourier transform, and the discrete Fourier transform; fast Fourier transform algorithms; design techniques for IIR and FIR digital filters; and quantization effects in digital signal processing. Graduate students may register for this course only if they did not complete an undergraduate course in digital signal processing; such graduate registration requires approval of instructor and an internal departmental petition."
EECE 5670,"Examines, in this interdisciplinary course, modern energy usage, consequences, and options to support sustainable energy development from a variety of fundamental and applied perspectives. Emphasizes both (1) physical and chemical processes in materials for the conversion of energy and (2) how to design a system with renewable energy for applications such as electricity generation and transmission. Takes a systems analysis point of view. Topics include energy conservation; fossil fuels; and energy conversion methods for solar, geothermal, wind, hydro, bioenergy, electrochemical, and similar methods."
EECE 5680,"Examines all subsystems that comprise an electric drive including electric machines, power electronic converters, mechanical system requirements, feedback controller design, and interactions with utility systems. Based on an integrative approach that requires minimal prerequisites: a junior-level course in signals and systems and some knowledge of electromagnetic field theory (possibly from physics classes), and does not require separate courses in electric machines, controls, or power electronics."
EECE 5681,AccompaniesEECE 5680. Covers topics from the course through various experiments.
EECE 5682,"Covers fundamentals including phasors, single-phase and balanced three-phase circuits, complex power, and network equations; symmetrical components and sequence networks; power transformers, their equivalent circuits, per unit notation, and the sequence models; transmission line parameters including resistance, inductance, and capacitance for various configurations; steady-state operation of transmission lines including line loadability and reactive compensation techniques; power flow studies including Gauss-Speidel and Newton Raphson interactive schemes; symmetrical faults including formation of the bus impedance matrix; and unsymmetrical faults including line-to-ground, line-to-line, and double line-to-ground faults."
EECE 5684,"Provide tools and techniques needed to analyze and design power conversion circuits that contain switches. The first part of the course emphasizes understanding and modeling of such circuits, and provides a background for engineering evaluation of power converters. The second part covers dynamics and control of this class of systems, enabling students to design controllers for a variety of power converters and motion control systems. Addresses a set of analytical and practical problems, with emphasis on a rigorous theoretical treatment of relevant questions. Designed for students with primary interests in power conditioning, control applications, and electronic circuits, but it could prove useful for designers of high-performance computers, robots, and other electronic and electromechanical (mechatronic) systems in which the dynamical properties of power supplies become important."
EECE 5685,AccompaniesEECE 5684. Covers topics from the course through various experiments.
EECE 5686,"Reviews phasor diagrams and three-phase circuits; the magnetic aspects including magnetic circuits and permanent magnets; transformers, their equivalent circuits, and performance; principles of electromechanical energy conversion; elementary concepts of rotating machines including rotating magnetic fields; and steady-state theory and performance of induction machines, synchronous machines, and direct current machines."
EECE 5688,"Examines common types of power system faults. Starts with a detailed description of three-phase modeling of basic power system elements such as transmission lines, transformers, and generators. Then presents fundamentals of three-phase circuit analysis in the steady state, both for balanced and unbalanced operating conditions. Uses symmetrical component transformation and positive, negative, and zero sequence networks to analyze unbalanced systems. Presents methods to calculate fault currents and postfault bus voltages. Reviews basic protective relaying and relay settings using typical distribution system examples."
EECE 5690,"Designed to familiarize students with electric vehicle powertrains. Covers different types of energy storage elements used in EV and hybrid electric vehicles, bidirectional DC-DC converters and their control, inverters, different power converter topologies for onboard charging, wireless power transfer for battery charging, and different types of electric motors that are used in EVs."
EECE 5692,"Introduces the fundamental physical principles for the electromagnetic radiation from antennas. Presents the most important mathematical techniques for the analysis of the radiation. Applies these principles and techniques to practical antenna systems. Starting with the fundamental parameters of the antennas, introduces the vector potentials and the theorems that are needed for the derivation of the radiation integrals from Maxwell's equations and formulates various antenna radiation characteristics. Covers the applications of practical antennas, wireless communications and networks, space antennas, bio and wearable antennas, and optical antennas, to name a few."
EECE 5693,"Introduces some of the unique electromagnetic devices integrated in current and future technologies in the field of electromagnetics. These devices have impacted various disciplines including wireless systems, radar and space research, photonics, and bio and medical imaging. Covers transmission lines, RF/microwave circuits, high-frequency power dividers, and filters components. Discusses the translational area of antennas and wireless systems, radiation synthesis, and array antennas. Discusses some photonic components, as well as emerging applications such as antennas for 5G, massive MIMO (multiple-input and multiple-output) wireless antennas, and wearable sensors."
EECE 5697,"Introduces the fundamental concepts of acoustics and sensing with waves. Offers a unified theoretical approach to the physics of image formation through scattering and wave propagation in sensing. Topics include the linear and nonlinear acoustic wave equation; sources of sound; reflection, refraction, transmission, and absorption; bearing and range estimation by sensor array processing, beam forming, matched filtering, and focusing; diffraction, bandwidth, ambient noise, and reverberation limitations; scattering from objects, surfaces, and volumes by Green’s theorem; forward scatter, shadows, Babinet’s principle, extinction, and attenuation; ray tracing and waveguides in remote sensing; and applications to acoustic, radar, seismic, thermal, and optical sensing and exploration."
EECE 5698,Covers special topics in electrical and computer engineering. Topics are selected by the instructor and vary from semester to semester. May be repeated up to four times.
EECE 5699,"Introduces computer hardware and system security. Covers state-of-the-art hardware security and trust issues, including a hands-on lab session to implement various hardware security attacks. Topics include applied cryptography, side-channel attacks, differential power analysis, fault injection and analysis, cache side-channel attacks (Meltdown and Spectre), acoustic analysis, and hardware security primitives (physical unclonable function and random number generator)."
EECE 7376,"Covers fundamentals of operating systems (OS) design, including theoretical, OS-generic design considerations as well as the practical, implementation-specific challenges in the development of a real OS. Requires proficiency in the C programming language, the GNU tool set for C programming, and debugging in Unix operating systems."
EECE 7205,"Introduces fundamental techniques in computer engineering used throughout the graduate curriculum. Covers basic programming and analysis methods and the formulation and solution of a wide range of computer engineering problems. Also discusses the applications of algorithm analysis and complexity theory to analyzing and solving problems. Emphasizes those fundamental computational problems and related algorithms whose solution can be obtained in polynomial time. For basic computational problems such as sorting, searching, elementary graph algorithms, shortest-paths problems, as well as flow problems in networks, many different algorithms and data structures are described and analyzed, implemented, and compared both from a theoretical and from an experimental point of view."
EECE 7204,"Covers the fundamentals of probabilistic treatment and the concept of random processes, which are essential for many engineering disciplines and data analysis in general. Includes the basic laws of probability, random variables and their functions, probability density and cumulative distributions, statistical averages, bounds on probability, and the central limit theorem. Outlines basic principles of statistics, including estimation of probability, confidence intervals, and order statistics. Provides an overview of detection and estimation problems, including maximum likelihood and Bayesian principles, Cramer-Rao bound, linear estimators, and hypothesis testing. Studies random sequences, with notions of convergence, laws of large numbers, and examples of Markov chains. Defines random processes, along with the concepts of stationarity, ergodicity, autocorrelation and power spectral density, and filtering operations."
